,Geography,Canada,,,,,,,,,,,,,,,,,,,,,,,,,,,,,,,,,,,,,,,,,,,,,,,,,,,,,,,,,,,,,,,,,,,,,,,
North American Industry Classification System (NAICS) 4,Statistics,Jan-19,Feb-19,Mar-19,Apr-19,May-19,Jun-19,Jul-19,Aug-19,Sep-19,Oct-19,Nov-19,Dec-19,Jan-20,Feb-20,Mar-20,Apr-20,May-20,Jun-20,Jul-20,Aug-20,Sep-20,Oct-20,Nov-20,Dec-20,Jan-21,Feb-21,Mar-21,Apr-21,May-21,Jun-21,Jul-21,Aug-21,Sep-21,Oct-21,Nov-21,Dec-21,Jan-22,Feb-22,Mar-22,Apr-22,May-22,Jun-22,Jul-22,Aug-22,Sep-22,Oct-22,Nov-22,Dec-22,Jan-23,Feb-23,Mar-23,Apr-23,May-23,Jun-23,Jul-23,Aug-23,Sep-23,Oct-23,Nov-23,Dec-23,Jan-24,Feb-24,Mar-24,Apr-24,May-24,Jun-24,Jul-24,Aug-24,Sep-24,Oct-24,Nov-24,Dec-24
"Total, all industries 4",,Number,,,,,,,,,,,,,,,,,,,,,,,,,,,,,,,,,,,,,,,,,,,,,,,,,,,,,,,,,,,,,,,,,,,,,,,
,Job vacancies 5,"487,375","478,310","540,840","594,825","587,490","558,715","544,120","560,090","587,795","568,835","510,525","434,340","518,485","505,665","522,630",..,..,..,..,..,..,"619,265","556,570","479,335","495,540","537,390","632,075","693,955","706,345","797,800","830,450","919,835","988,655","964,130","894,550","878,040","853,450","833,725","977,565","1,034,280","1,037,195","1,020,615","999,995","974,450","987,760","933,845","854,165","752,325","788,280","747,720","790,370","839,950","812,510","779,410","742,230","741,875","693,950","711,930","656,565","534,525","600,555","588,470","595,090","642,810","616,605","585,620","563,955","567,725","565,870","557,710","525,185","440,185"
,Payroll employees 6 7,"16,287,130","15,830,435","15,877,265","15,930,735","16,019,520","16,333,730","16,598,660","16,396,480","16,214,090","16,537,120","16,566,190","16,526,020","16,548,330","16,073,950","16,045,335",..,..,..,..,..,..,"15,298,240","15,496,080","15,397,405","15,465,290","14,820,290","14,887,490","15,166,650","15,404,180","15,388,890","15,863,305","15,932,550","15,794,110","16,229,995","16,352,815","16,346,360","16,490,985","15,950,840","16,073,245","16,242,675","16,479,550","16,679,225","17,064,035","16,846,600","16,600,410","17,065,430","17,075,715","17,066,350","17,159,045","16,686,395","16,750,155","16,799,640","16,938,185","17,200,810","17,531,155","17,239,080","16,990,690","17,426,905","17,406,475","17,267,140","17,346,155","16,890,245","16,913,170","16,997,345","17,126,470","17,413,095","17,627,000","17,371,135","17,162,570","17,522,830","17,527,670","17,443,220"
,,Percent,,,,,,,,,,,,,,,,,,,,,,,,,,,,,,,,,,,,,,,,,,,,,,,,,,,,,,,,,,,,,,,,,,,,,,,
,Job vacancy rate 8,2.9,2.9,3.3,3.6,3.5,3.3,3.2,3.3,3.5,3.3,3,2.6,3,3,3.2,..,..,..,..,..,..,3.9,3.5,3,3.1,3.5,4.1,4.4,4.4,4.9,5,5.5,5.9,5.6,5.2,5.1,4.9,5,5.7,6,5.9,5.8,5.5,5.5,5.6,5.2,4.8,4.2,4.4,4.3,4.5,4.8,4.6,4.3,4.1,4.1,3.9,3.9,3.6,3,3.3,3.4,3.4,3.6,3.5,3.3,3.1,3.2,3.2,3.1,2.9,2.5
"Agriculture, forestry, fishing and hunting  [11]",,Number,,,,,,,,,,,,,,,,,,,,,,,,,,,,,,,,,,,,,,,,,,,,,,,,,,,,,,,,,,,,,,,,,,,,,,,
,Job vacancies 5,"15,450","11,605","17,705","19,760","14,150","12,965","17,240","12,035","16,420","15,485","8,330","11,700","14,840","7,495","14,035",..,..,..,..,..,..,"17,975","7,655","8,705","12,140","8,770","14,080","15,185","15,805","16,440","14,880","15,230","17,605","15,860","12,815","11,105","15,095","10,350","16,300","17,760","18,925","17,305","17,765","17,285","14,120","9,960","11,265","10,170","12,370","9,790","11,730","16,110","10,120","12,145","13,090","9,390","10,430","10,440","8,160","7,015","7,770","6,910","9,380","10,795","10,165","10,500","11,805","8,130","8,695","10,345","6,220","6,035"
,Payroll employees 6 7,"216,205","184,140","185,215","193,045","208,805","239,615","261,145","267,560","267,785","264,860","250,755","225,740","221,630","192,165","190,905",..,..,..,..,..,..,"264,315","251,690","225,510","220,465","194,690","196,340","202,130","225,105","249,890","270,235","283,845","274,380","269,610","255,670","230,000","226,260","200,275","198,925","207,510","232,035","253,380","270,005","279,555","272,340","272,330","264,265","234,125","227,330","199,845","198,585","203,285","221,255","249,395","268,080","271,950","272,920","270,940","258,125","235,560","224,630","197,805","201,805","206,435","222,615","254,555","271,455","274,695","274,230","274,530","259,530","233,440"
,,Percent,,,,,,,,,,,,,,,,,,,,,,,,,,,,,,,,,,,,,,,,,,,,,,,,,,,,,,,,,,,,,,,,,,,,,,,
,Job vacancy rate 8,6.7,5.9,8.7,9.3,6.3,5.1,6.2,4.3,5.8,5.5,3.2,4.9,6.3,3.8,6.8,..,..,..,..,..,..,6.4,3,3.7,5.2,4.3,6.7,7,6.6,6.2,5.2,5.1,6,5.6,4.8,4.6,6.3,4.9,7.6,7.9,7.5,6.4,6.2,5.8,4.9,3.5,4.1,4.2,5.2,4.7,5.6,7.3,4.4,4.6,4.7,3.3,3.7,3.7,3.1,2.9,3.3,3.4,4.4,5,4.4,4,4.2,2.9,3.1,3.6,2.3,2.5
"Mining, quarrying, and oil and gas extraction  [21]",,Number,,,,,,,,,,,,,,,,,,,,,,,,,,,,,,,,,,,,,,,,,,,,,,,,,,,,,,,,,,,,,,,,,,,,,,,
,Job vacancies 5,"3,405","3,000","3,960","4,355","3,875","5,305","3,640","4,240","4,745","4,570","3,330","2,815","5,020","4,915","2,915",..,..,..,..,..,..,"4,310","4,445","2,895","5,720","5,875","3,545","8,220","7,665","5,920","7,430","9,875","6,865","8,910","9,130","6,520","9,185","11,855","8,055","9,490","10,455","7,590","8,990","9,155","8,170","7,405",F,"7,450","8,260","8,130","6,865","8,940","9,510","8,885","8,430","7,870","7,685","7,075","6,495","5,490","5,555","6,150","3,915","5,275","7,770","5,630","5,235","6,070","4,870","5,990","5,295","3,955"
,Payroll employees 6 7,"201,810","194,830","198,760","195,545","195,795","196,500","198,085","203,505","204,130","204,385","201,425","202,780","199,240","193,825","199,105",..,..,..,..,..,..,"187,045","182,485","191,595","186,880","177,935","182,180","186,040","184,045","183,125","191,255","186,325","188,745","193,345","191,140","193,870","199,265","191,115","196,040","198,470","195,160","199,955","212,580","205,575","206,405","212,525","203,680","206,135","211,990","200,660","210,290","211,930","205,510","214,945","216,315","210,525","215,915","217,230","207,055","215,400","211,565","200,875","208,290","208,605","201,615","213,160","216,240","210,690","222,420","218,245","212,075","225,915"
,,Percent,,,,,,,,,,,,,,,,,,,,,,,,,,,,,,,,,,,,,,,,,,,,,,,,,,,,,,,,,,,,,,,,,,,,,,,
,Job vacancy rate 8,1.7,1.5,2,2.2,1.9,2.6,1.8,2,2.3,2.2,1.6,1.4,2.5,2.5,1.4,..,..,..,..,..,..,2.3,2.4,1.5,3,3.2,1.9,4.2,4,3.1,3.7,5,3.5,4.4,4.6,3.3,4.4,5.8,3.9,4.6,5.1,3.7,4.1,4.3,3.8,3.4,F,3.5,3.7,3.9,3.2,4,4.4,4,3.7,3.6,3.4,3.2,3,2.5,2.6,3,1.8,2.5,3.7,2.6,2.4,2.8,2.1,2.7,2.4,1.7
Utilities  [22],,Number,,,,,,,,,,,,,,,,,,,,,,,,,,,,,,,,,,,,,,,,,,,,,,,,,,,,,,,,,,,,,,,,,,,,,,,
,Job vacancies 5,"1,825","2,245","2,025","2,605","2,220","1,270","1,620","1,575","1,235","1,565","2,355","1,140","1,125","3,065",F,..,..,..,..,..,..,F,"1,535",915,"1,135","1,380","1,515","3,280","2,205",F,"1,525","2,410","1,160","1,810","2,430","2,135",F,"2,715","2,770","2,005","2,895",F,"2,640","3,260","3,050","1,990","2,980",F,"2,660","2,465","2,735","2,565","3,415","3,470","3,065","2,595","1,850","2,345","2,385","3,305","3,200","2,915","2,485","2,420","2,115",F,"1,840","2,385","2,510","2,015","1,425","2,150"
,Payroll employees 6 7,"126,115","123,985","126,810","126,720","126,045","127,540","129,395","130,405","128,850","127,350","128,650","127,185","128,480","127,790","125,635",..,..,..,..,..,..,"122,580","122,550","121,760","123,435","121,290","121,225","120,590","122,115","124,255","125,245","126,430","126,640","125,945","126,455","127,530","129,155","127,175","126,680","126,135","127,240","129,745","130,385","130,635","132,450","131,050","130,575","130,850","130,750","128,415","130,730","130,705","129,875","133,175","135,740","135,490","135,885","136,440","134,880","134,615","134,475","132,415","133,050","134,485","133,970","135,415","137,730","135,535","135,495","134,145","133,815","136,105"
,,Percent,,,,,,,,,,,,,,,,,,,,,,,,,,,,,,,,,,,,,,,,,,,,,,,,,,,,,,,,,,,,,,,,,,,,,,,
,Job vacancy rate 8,1.4,1.8,1.6,2,1.7,1,1.2,1.2,0.9,1.2,1.8,0.9,0.9,2.3,F,..,..,..,..,..,..,F,1.2,0.7,0.9,1.1,1.2,2.6,1.8,F,1.2,1.9,0.9,1.4,1.9,1.6,F,2.1,2.1,1.6,2.2,F,2,2.4,2.3,1.5,2.2,F,2,1.9,2.1,1.9,2.6,2.5,2.2,1.9,1.3,1.7,1.7,2.4,2.3,2.2,1.8,1.8,1.6,F,1.3,1.7,1.8,1.5,1.1,1.6
Construction  [23],,Number,,,,,,,,,,,,,,,,,,,,,,,,,,,,,,,,,,,,,,,,,,,,,,,,,,,,,,,,,,,,,,,,,,,,,,,
,Job vacancies 5,"34,045","28,790","35,735","42,190","43,100","42,915","40,860","40,765","40,835","41,455","31,285","25,520","34,585","34,305","36,055",..,..,..,..,..,..,"46,985","42,100","29,565","40,500","39,315","59,220","62,745","58,615","67,325","69,590","73,845","81,725","76,535","70,760","59,305","70,330","65,625","77,905","94,535","87,505","87,565","84,825","86,085","93,365","70,260","77,145","61,160","62,965","59,250","69,500","65,210","74,760","65,010","65,095","70,575","60,320","59,695","57,660","41,280","44,730","50,260","44,780","52,145","49,365","47,230","49,250","43,230","45,150","39,970","39,155","30,215"
,Payroll employees 6 7,"1,030,115","935,685","945,280","955,715","974,860","1,045,175","1,093,280","1,097,645","1,109,985","1,122,050","1,108,895","1,086,275","1,042,460","946,290","962,720",..,..,..,..,..,..,"1,067,280","1,070,565","1,048,320","1,009,130","938,570","945,025","970,530","1,014,855","1,064,670","1,107,600","1,104,260","1,127,370","1,143,845","1,138,335","1,120,335","1,082,740","1,005,490","1,031,575","1,045,050","1,078,415","1,129,595","1,178,960","1,190,090","1,181,990","1,208,830","1,194,870","1,181,675","1,148,105","1,048,430","1,075,540","1,080,560","1,109,580","1,178,710","1,225,865","1,231,435","1,227,350","1,242,760","1,225,240","1,208,500","1,161,305","1,061,920","1,091,345","1,100,270","1,127,465","1,195,090","1,233,725","1,232,380","1,233,630","1,249,825","1,238,250","1,219,010"
,,Percent,,,,,,,,,,,,,,,,,,,,,,,,,,,,,,,,,,,,,,,,,,,,,,,,,,,,,,,,,,,,,,,,,,,,,,,
,Job vacancy rate 8,3.2,3,3.6,4.2,4.2,3.9,3.6,3.6,3.5,3.6,2.7,2.3,3.2,3.5,3.6,..,..,..,..,..,..,4.2,3.8,2.7,3.9,4,5.9,6.1,5.5,5.9,5.9,6.3,6.8,6.3,5.9,5,6.1,6.1,7,8.3,7.5,7.2,6.7,6.7,7.3,5.5,6.1,4.9,5.2,5.3,6.1,5.7,6.3,5.2,5,5.4,4.7,4.6,4.5,3.3,3.7,4.5,3.9,4.5,4.2,3.8,3.8,3.4,3.5,3.1,3.1,2.4
Manufacturing  [31-33],,Number,,,,,,,,,,,,,,,,,,,,,,,,,,,,,,,,,,,,,,,,,,,,,,,,,,,,,,,,,,,,,,,,,,,,,,,
,Job vacancies 5,"44,505","46,530","50,935","55,780","47,695","49,375","47,620","47,365","53,730","48,900","39,810","37,980","42,330","42,375","40,170",..,..,..,..,..,..,"51,495","46,955","41,115","52,780","49,460","54,975","69,160","62,380","65,995","79,975","81,900","81,675","91,930","81,625","72,475","84,690","79,915","84,395","92,275","86,875","82,780","83,530","87,260","75,820","79,970","69,770","60,520","65,715","57,545","59,035","61,260","59,145","56,500","55,040","52,265","47,915","45,965","42,630","32,150","37,625","38,720","40,610","41,475","40,560","38,750","33,845","36,810","36,885","33,870","34,525","29,220"
,Payroll employees 6 7,"1,574,800","1,544,755","1,558,365","1,550,510","1,569,845","1,601,965","1,612,870","1,617,635","1,611,520","1,595,240","1,581,705","1,575,440","1,565,870","1,537,020","1,539,680",..,..,..,..,..,..,"1,486,950","1,491,165","1,478,165","1,488,660","1,454,720","1,463,220","1,473,090","1,493,010","1,508,455","1,534,670","1,561,710","1,541,145","1,538,655","1,538,850","1,530,455","1,540,890","1,504,800","1,522,410","1,522,880","1,547,940","1,560,850","1,584,965","1,593,245","1,572,345","1,576,715","1,569,100","1,557,650","1,567,890","1,525,710","1,528,670","1,533,505","1,548,595","1,572,250","1,603,815","1,602,565","1,586,800","1,582,025","1,568,335","1,564,700","1,563,140","1,534,950","1,533,185","1,532,905","1,551,455","1,577,735","1,585,160","1,592,800","1,579,490","1,570,495","1,568,480","1,557,955"
,,Percent,,,,,,,,,,,,,,,,,,,,,,,,,,,,,,,,,,,,,,,,,,,,,,,,,,,,,,,,,,,,,,,,,,,,,,,
,Job vacancy rate 8,2.7,2.9,3.2,3.5,2.9,3,2.9,2.8,3.2,3,2.5,2.4,2.6,2.7,2.5,..,..,..,..,..,..,3.3,3.1,2.7,3.4,3.3,3.6,4.5,4,4.2,5,5,5,5.6,5,4.5,5.2,5,5.3,5.7,5.3,5,5,5.2,4.6,4.8,4.3,3.7,4,3.6,3.7,3.8,3.7,3.5,3.3,3.2,2.9,2.8,2.6,2,2.4,2.5,2.6,2.6,2.5,2.4,2.1,2.3,2.3,2.1,2.2,1.8
Wholesale trade  [41],,Number,,,,,,,,,,,,,,,,,,,,,,,,,,,,,,,,,,,,,,,,,,,,,,,,,,,,,,,,,,,,,,,,,,,,,,,
,Job vacancies 5,"23,025","22,705","20,875","27,350","23,520","24,335","24,370","26,110","24,440","22,725","23,185","19,390","21,635","23,555","19,950",..,..,..,..,..,..,"19,850","21,030","19,960","21,525","22,915","25,005","29,460","29,630","34,990","27,735","30,205","38,755","34,685","32,885","30,370","32,695","39,285","35,470","39,605","38,980","37,350","35,805","33,630","37,685","32,880","33,430","26,170","27,815","28,775","29,020","31,005","32,010","26,505","28,810","28,760","26,790","25,095","24,685","21,725","20,085","23,330","24,015","23,530","22,935","21,645","19,840","23,265","21,425","20,165","21,660","18,660"
,Payroll employees 6 7,"823,085","811,225","815,000","811,085","812,350","826,545","829,735","831,700","830,535","824,195","821,755","826,345","831,675","816,140","813,800",..,..,..,..,..,..,"775,730","779,050","779,820","789,790","772,720","774,840","776,225","784,115","789,215","793,690","797,715","796,590","795,250","799,305","798,895","810,180","799,100","799,555","796,995","803,975","813,655","821,845","824,420","819,245","819,815","819,855","819,920","822,410","814,560","809,845","810,810","816,785","827,360","830,425","833,315","828,295","829,310","828,490","822,130","828,040","818,970","813,515","813,570","815,230","827,520","826,780","828,095","831,325","828,610","824,780","825,855"
,,Percent,,,,,,,,,,,,,,,,,,,,,,,,,,,,,,,,,,,,,,,,,,,,,,,,,,,,,,,,,,,,,,,,,,,,,,,
,Job vacancy rate 8,2.7,2.7,2.5,3.3,2.8,2.9,2.9,3,2.9,2.7,2.7,2.3,2.5,2.8,2.4,..,..,..,..,..,..,2.5,2.6,2.5,2.7,2.9,3.1,3.7,3.6,4.2,3.4,3.6,4.6,4.2,4,3.7,3.9,4.7,4.2,4.7,4.6,4.4,4.2,3.9,4.4,3.9,3.9,3.1,3.3,3.4,3.5,3.7,3.8,3.1,3.4,3.3,3.1,2.9,2.9,2.6,2.4,2.8,2.9,2.8,2.7,2.5,2.3,2.7,2.5,2.4,2.6,2.2
Retail trade  [44-45],,Number,,,,,,,,,,,,,,,,,,,,,,,,,,,,,,,,,,,,,,,,,,,,,,,,,,,,,,,,,,,,,,,,,,,,,,,
,Job vacancies 5,"44,470","40,930","55,060","66,645","60,685","64,810","66,605","64,985","85,915","82,775","65,670","49,970","49,750","49,290","54,045",..,..,..,..,..,..,"115,350","78,960","52,075","44,160","48,880","77,805","76,425","89,050","94,500","92,640","106,200","120,380","123,860","112,580","101,415","80,275","79,295","105,410","108,755","112,975","112,495","109,340","119,560","116,120","120,440","107,805","88,405","71,715","65,650","88,030","83,165","81,655","89,880","72,755","80,890","79,390","82,070","80,750","47,915","44,645","47,620","58,555","50,450","58,170","60,680","52,510","57,380","60,245","56,485","55,365","43,570"
,Payroll employees 6 7,"2,062,100","1,996,290","1,963,015","1,966,980","1,969,110","1,996,970","2,019,120","2,010,185","1,999,370","1,999,015","2,004,485","2,025,440","2,063,345","2,001,635","1,952,015",..,..,..,..,..,..,"1,890,965","1,930,475","1,960,880","1,993,050","1,849,030","1,820,840","1,906,290","1,937,140","1,896,890","1,948,210","1,994,090","1,979,350","1,983,530","1,996,980","2,022,140","2,051,940","1,999,125","1,952,205","1,973,580","1,992,375","2,004,540","2,040,155","2,040,235","2,009,370","2,037,040","2,034,600","2,034,180","2,072,250","2,025,790","1,978,555","1,988,910","2,003,905","2,011,145","2,047,965","2,039,975","2,019,865","2,029,205","2,031,940","2,041,345","2,056,615","2,013,010","1,961,645","1,966,475","1,983,725","2,003,250","2,016,165","2,015,645","1,994,775","1,989,885","2,013,140","2,001,090"
,,Percent,,,,,,,,,,,,,,,,,,,,,,,,,,,,,,,,,,,,,,,,,,,,,,,,,,,,,,,,,,,,,,,,,,,,,,,
,Job vacancy rate 8,2.1,2,2.7,3.3,3,3.1,3.2,3.1,4.1,4,3.2,2.4,2.4,2.4,2.7,..,..,..,..,..,..,5.7,3.9,2.6,2.2,2.6,4.1,3.9,4.4,4.7,4.5,5.1,5.7,5.9,5.3,4.8,3.8,3.8,5.1,5.2,5.4,5.3,5.1,5.5,5.5,5.6,5,4.2,3.3,3.1,4.3,4,3.9,4.3,3.4,3.8,3.8,3.9,3.8,2.3,2.1,2.3,2.9,2.5,2.8,2.9,2.5,2.8,2.9,2.8,2.7,2.1
Transportation and warehousing  [48-49],,Number,,,,,,,,,,,,,,,,,,,,,,,,,,,,,,,,,,,,,,,,,,,,,,,,,,,,,,,,,,,,,,,,,,,,,,,
,Job vacancies 5,"35,565","26,315","31,010","36,915","30,770","30,740","31,855","30,770","27,450","32,875","28,285","22,240","32,880","25,725","19,960",..,..,..,..,..,..,"31,155","35,635","19,975","28,560","27,470","25,270","33,390","33,110","33,045","38,230","46,195","38,890","46,730","48,810","37,560","48,455","43,375","41,940","55,655","52,995","43,030","58,420","51,320","39,825","49,840","50,870","29,675","47,280","44,505","35,050","41,985","45,285","36,155","37,185","42,290","31,830","38,150","42,530","31,390","29,090","38,585","31,650","31,745","34,005","31,070","28,730","30,755","25,785","31,405","31,860","23,550"
,Payroll employees 6 7,"790,510","773,075","765,925","767,520","766,415","774,850","791,075","776,190","771,700","796,715","805,360","800,215","814,280","800,245","780,485",..,..,..,..,..,..,"750,345","772,465","764,645","784,970","763,330","757,195","755,435","759,185","754,120","773,835","763,790","750,085","770,545","780,655","779,500","801,235","786,675","784,535","783,965","799,850","793,605","817,685","802,595","793,945","819,230","825,295","826,010","841,930","837,880","833,040","826,085","835,400","835,825","846,565","835,850","825,225","847,360","845,210","843,315","856,845","842,285","836,205","834,200","837,355","842,520","862,210","842,795","834,000","857,105","851,765","815,620"
,,Percent,,,,,,,,,,,,,,,,,,,,,,,,,,,,,,,,,,,,,,,,,,,,,,,,,,,,,,,,,,,,,,,,,,,,,,,
,Job vacancy rate 8,4.3,3.3,3.9,4.6,3.9,3.8,3.9,3.8,3.4,4,3.4,2.7,3.9,3.1,2.5,..,..,..,..,..,..,4,4.4,2.5,3.5,3.5,3.2,4.2,4.2,4.2,4.7,5.7,4.9,5.7,5.9,4.6,5.7,5.2,5.1,6.6,6.2,5.1,6.7,6,4.8,5.7,5.8,3.5,5.3,5,4,4.8,5.1,4.1,4.2,4.8,3.7,4.3,4.8,3.6,3.3,4.4,3.6,3.7,3.9,3.6,3.2,3.5,3,3.5,3.6,2.8
Information and cultural industries  [51],,Number,,,,,,,,,,,,,,,,,,,,,,,,,,,,,,,,,,,,,,,,,,,,,,,,,,,,,,,,,,,,,,,,,,,,,,,
,Job vacancies 5,"11,530","12,940","13,935","12,250","14,040","13,110","12,520","15,650","12,510","15,125","15,145","11,365","11,520","13,865","14,190",..,..,..,..,..,..,"9,010","10,950","10,575","8,905","11,250","12,335","11,870","14,140","15,305","15,180","23,095","19,890","15,830","19,915","18,645","14,635","19,810","19,445","18,740","18,900","20,005","19,480","20,080","16,625","17,810","13,155","11,760","14,435","11,725","11,415","10,770","11,905","11,360","10,260","6,245","8,925","10,250","4,500","8,220","8,725","5,945","7,625","8,210","5,990","7,470","8,155","6,290","8,855","8,785","5,330","8,090"
,Payroll employees 6 7,"351,815","351,880","349,580","348,805","351,835","355,610","358,470","360,830","360,820","358,970","357,150","356,205","359,010","355,730","354,465",..,..,..,..,..,..,"341,290","347,315","343,770","343,990","341,040","341,310","343,050","347,130","348,855","350,990","360,805","361,745","362,405","369,530","370,425","372,770","365,220","367,485","366,700","379,460","378,865","384,115","389,755","390,770","389,965","391,110","389,070","384,325","371,890","368,585","367,225","370,190","369,685","369,225","369,400","362,100","358,830","360,515","357,460","356,100","359,500","354,865","356,575","359,380","358,980","359,855","363,295","360,695","359,645","361,345","360,480"
,,Percent,,,,,,,,,,,,,,,,,,,,,,,,,,,,,,,,,,,,,,,,,,,,,,,,,,,,,,,,,,,,,,,,,,,,,,,
,Job vacancy rate 8,3.2,3.5,3.8,3.4,3.8,3.6,3.4,4.2,3.4,4,4.1,3.1,3.1,3.8,3.8,..,..,..,..,..,..,2.6,3.1,3,2.5,3.2,3.5,3.3,3.9,4.2,4.1,6,5.2,4.2,5.1,4.8,3.8,5.1,5,4.9,4.7,5,4.8,4.9,4.1,4.4,3.3,2.9,3.6,3.1,3,2.8,3.1,3,2.7,1.7,2.4,2.8,1.2,2.2,2.4,1.6,2.1,2.3,1.6,2,2.2,1.7,2.4,2.4,1.5,2.2
Finance and insurance  [52],,Number,,,,,,,,,,,,,,,,,,,,,,,,,,,,,,,,,,,,,,,,,,,,,,,,,,,,,,,,,,,,,,,,,,,,,,,
,Job vacancies 5,"16,315","18,215","31,710","17,665","21,405","28,635","18,550","16,805","31,190","23,260","19,500","20,970","23,945","20,055","22,635",..,..,..,..,..,..,"24,275","17,785","24,370","26,770","19,405","25,650","27,460","19,125","32,045","44,710","29,075","37,945","36,295","21,470","38,440","39,420",F,"39,470","47,215","37,320","41,560","43,460","33,270","39,975","42,640","33,185","30,560","33,220","29,495","24,155","30,940","27,305","21,410","24,650","23,535","16,545","25,030","20,000","18,605","25,195","22,265","18,795","17,090","23,095","17,075","18,195","24,285","17,595","17,385","22,190","17,455"
,Payroll employees 6 7,"750,840","737,775","734,980","739,825","745,195","745,895","750,700","756,975","754,730","752,875","750,915","753,665","764,480","753,045","747,485",..,..,..,..,..,..,"730,955","733,240","736,745","748,345","737,330","742,510","750,805","753,700","754,375","768,445","772,930","761,365","773,330","773,575","770,730","786,155","783,330","778,450","790,010","798,565","796,410","810,015","816,530","812,895","813,055","816,010","824,700","842,540","834,475","829,955","833,785","830,675","833,000","838,110","836,280","835,640","838,360","835,635","833,340","846,170","842,225","842,590","847,080","841,870","845,910","854,615","853,245","850,005","847,430","846,775","848,320"
,,Percent,,,,,,,,,,,,,,,,,,,,,,,,,,,,,,,,,,,,,,,,,,,,,,,,,,,,,,,,,,,,,,,,,,,,,,,
,Job vacancy rate 8,2.1,2.4,4.1,2.3,2.8,3.7,2.4,2.2,4,3,2.5,2.7,3,2.6,2.9,..,..,..,..,..,..,3.2,2.4,3.2,3.5,2.6,3.3,3.5,2.5,4.1,5.5,3.6,4.7,4.5,2.7,4.8,4.8,F,4.8,5.6,4.5,5,5.1,3.9,4.7,5,3.9,3.6,3.8,3.4,2.8,3.6,3.2,2.5,2.9,2.7,1.9,2.9,2.3,2.2,2.9,2.6,2.2,2,2.7,2,2.1,2.8,2,2,2.6,2
Real estate and rental and leasing  [53],,Number,,,,,,,,,,,,,,,,,,,,,,,,,,,,,,,,,,,,,,,,,,,,,,,,,,,,,,,,,,,,,,,,,,,,,,,
,Job vacancies 5,"7,715","7,070","7,120","9,250","6,480","8,115","9,010","8,765","8,225","8,580","8,120","6,780","6,555","8,475","7,400",..,..,..,..,..,..,"5,765","4,780","7,130","5,615","6,910","7,565","8,215","6,570","11,170","8,625","9,355","9,890","11,485","8,690","11,335","11,655","9,075","13,085","15,275","12,570","13,290","12,395","10,865","14,685","12,465","8,940","9,065","11,250","10,645","9,750","14,060","11,045","9,745","10,410","9,700","9,105","8,390","6,605","6,680","7,960","6,750","7,705","8,790","7,720","6,920","9,365","7,935","7,700","8,055","5,565","5,800"
,Payroll employees 6 7,"302,920","293,030","291,220","293,105","291,645","298,355","307,335","302,690","300,355","299,970","295,165","295,485","300,540","288,295","282,825",..,..,..,..,..,..,"252,950","253,065","251,925","260,230","247,035","249,515","250,790","251,015","252,525","264,455","265,825","265,110","271,910","270,425","272,125","286,155","272,590","271,015","272,890","272,660","279,525","291,255","287,885","290,520","294,325","288,005","290,855","295,630","285,065","284,350","283,560","282,445","289,680","299,330","296,560","295,870","296,115","291,765","290,540","296,720","287,735","287,420","284,460","286,025","292,370","299,420","300,085","298,235","298,395","295,805","294,620"
,,Percent,,,,,,,,,,,,,,,,,,,,,,,,,,,,,,,,,,,,,,,,,,,,,,,,,,,,,,,,,,,,,,,,,,,,,,,
,Job vacancy rate 8,2.5,2.4,2.4,3.1,2.2,2.6,2.8,2.8,2.7,2.8,2.7,2.2,2.1,2.9,2.5,..,..,..,..,..,..,2.2,1.9,2.8,2.1,2.7,2.9,3.2,2.6,4.2,3.2,3.4,3.6,4.1,3.1,4,3.9,3.2,4.6,5.3,4.4,4.5,4.1,3.6,4.8,4.1,3,3,3.7,3.6,3.3,4.7,3.8,3.3,3.4,3.2,3,2.8,2.2,2.2,2.6,2.3,2.6,3,2.6,2.3,3,2.6,2.5,2.6,1.8,1.9
"Professional, scientific and technical services  [54]",,Number,,,,,,,,,,,,,,,,,,,,,,,,,,,,,,,,,,,,,,,,,,,,,,,,,,,,,,,,,,,,,,,,,,,,,,,
,Job vacancies 5,"42,545","44,455","38,845","38,970","41,750","38,930","36,300","38,685","34,675","39,470","36,240","30,430","45,745","41,660","39,380",..,..,..,..,..,..,"39,540","37,055","36,465","46,290","50,000","47,075","53,785","48,660","52,720","56,625","61,925","64,250","67,210","65,300","63,720","71,960","67,060","69,050","77,115","71,445","72,450","67,105","62,745","62,680","66,410","51,930","53,005","53,845","51,725","50,990","47,750","49,265","46,890","41,280","42,300","40,450","47,050","41,735","32,895","48,360","43,930","41,415","43,385","39,435","35,290","36,695","39,795","39,090","41,100","38,030","30,805"
,Payroll employees 6 7,"962,160","947,540","948,865","953,980","956,435","968,040","981,585","985,810","987,965","984,085","986,565","989,465","998,930","985,400","983,145",..,..,..,..,..,..,"958,455","970,055","979,375","991,190","993,260","997,635","1,008,605","1,018,090","1,033,150","1,056,405","1,064,845","1,064,835","1,080,125","1,087,285","1,091,110","1,109,315","1,115,840","1,120,690","1,132,475","1,139,230","1,156,085","1,171,465","1,181,035","1,183,680","1,192,155","1,192,955","1,196,620","1,209,805","1,199,075","1,201,140","1,202,570","1,209,985","1,219,525","1,229,645","1,225,290","1,223,865","1,221,175","1,223,370","1,218,660","1,226,530","1,219,135","1,217,080","1,219,455","1,218,270","1,228,365","1,237,755","1,236,275","1,231,980","1,226,815","1,223,455","1,225,325"
,,Percent,,,,,,,,,,,,,,,,,,,,,,,,,,,,,,,,,,,,,,,,,,,,,,,,,,,,,,,,,,,,,,,,,,,,,,,
,Job vacancy rate 8,4.2,4.5,3.9,3.9,4.2,3.9,3.6,3.8,3.4,3.9,3.5,3,4.4,4.1,3.9,..,..,..,..,..,..,4,3.7,3.6,4.5,4.8,4.5,5.1,4.6,4.9,5.1,5.5,5.7,5.9,5.7,5.5,6.1,5.7,5.8,6.4,5.9,5.9,5.4,5,5,5.3,4.2,4.2,4.3,4.1,4.1,3.8,3.9,3.7,3.2,3.3,3.2,3.7,3.3,2.6,3.8,3.5,3.3,3.4,3.1,2.8,2.9,3.1,3.1,3.2,3,2.5
Management of companies and enterprises  [55],,Number,,,,,,,,,,,,,,,,,,,,,,,,,,,,,,,,,,,,,,,,,,,,,,,,,,,,,,,,,,,,,,,,,,,,,,,
,Job vacancies 5,"2,520","2,370","2,120","2,870","1,405","1,350","2,715","2,200","1,850","2,390","1,950","2,095","2,200","2,150","2,415",..,..,..,..,..,..,"4,080","1,360","1,850","3,060","1,510","2,425","3,890","2,590","2,935","5,260","3,535","4,120","4,810","4,100","3,885","4,865","4,810","3,925","5,080","5,585","3,805","4,925","4,625","3,665","4,115","4,220","2,365","4,045","4,465","3,505","3,275","3,850","3,810","3,000","3,550","2,960","2,795","3,315","1,585","2,595","2,835","2,590","2,350","3,165","2,750","2,435","2,665","2,225","2,585","2,670","2,205"
,Payroll employees 6 7,"107,215","104,925","105,180","104,910","106,335","108,835","111,850","109,160","109,110","110,210","109,540","110,835","112,970","111,495","113,650",..,..,..,..,..,..,"112,250","117,825","114,810","115,885","115,755","115,695","114,985","115,360","114,890","119,110","120,370","121,955","120,860","122,690","120,910","122,640","122,000","123,830","125,060","123,070","121,000","123,210","124,795","119,865","118,895","124,895","122,795","123,925","125,270","124,955","123,440","126,515","125,675","127,410","127,260","124,300","124,225","122,410","119,870","122,095","121,095","117,125","118,470","123,180","123,605","121,970","122,600","119,785","119,505","119,650","119,825"
,,Percent,,,,,,,,,,,,,,,,,,,,,,,,,,,,,,,,,,,,,,,,,,,,,,,,,,,,,,,,,,,,,,,,,,,,,,,
,Job vacancy rate 8,2.3,2.2,2,2.7,1.3,1.2,2.4,2,1.7,2.1,1.8,1.9,1.9,1.9,2.1,..,..,..,..,..,..,3.5,1.1,1.6,2.6,1.3,2.1,3.3,2.2,2.5,4.2,2.9,3.3,3.8,3.2,3.1,3.8,3.8,3.1,3.9,4.3,3,3.8,3.6,3,3.3,3.3,1.9,3.2,3.4,2.7,2.6,3,2.9,2.3,2.7,2.3,2.2,2.6,1.3,2.1,2.3,2.2,1.9,2.5,2.2,2,2.1,1.8,2.1,2.2,1.8
"Administrative and support, waste management and remediation services  [56]",,Number,,,,,,,,,,,,,,,,,,,,,,,,,,,,,,,,,,,,,,,,,,,,,,,,,,,,,,,,,,,,,,,,,,,,,,,
,Job vacancies 5,"37,975","42,100","39,895","49,250","49,950","33,800","37,450","42,585","35,800","43,970","35,730","25,780","36,220","38,605","42,770",..,..,..,..,..,..,"51,040","39,575","35,490","31,615","34,665","42,325","48,245","46,020","54,175","56,955","50,860","57,690","64,985","61,705","63,270","57,585","53,410","61,150","67,745","67,550","53,970","61,190","57,920","56,460","52,445","50,315","39,005","49,020","51,845","41,920","60,270","51,300","38,230","44,165","40,160","38,635","40,540","35,430","26,575","35,645","36,910","32,635","41,250","31,950","27,135","28,855","29,775","25,505","29,230","25,715","18,410"
,Payroll employees 6 7,"833,470","804,950","805,335","807,890","810,075","833,990","857,660","868,970","868,575","872,465","875,015","870,860","854,430","814,870","807,480",..,..,..,..,..,..,"781,675","792,715","788,410","788,575","759,995","749,135","752,470","778,655","792,385","813,290","824,690","817,145","817,545","818,560","818,475","817,670","786,105","790,435","792,805","808,235","824,390","848,125","849,415","849,750","855,570","848,265","850,860","845,655","811,675","810,275","813,710","818,985","835,255","857,845","853,610","849,355","861,945","846,090","845,210","842,000","803,910","795,630","805,035","808,890","829,540","835,790","836,990","833,410","841,600","831,265","824,965"
,,Percent,,,,,,,,,,,,,,,,,,,,,,,,,,,,,,,,,,,,,,,,,,,,,,,,,,,,,,,,,,,,,,,,,,,,,,,
,Job vacancy rate 8,4.4,5,4.7,5.7,5.8,3.9,4.2,4.7,4,4.8,3.9,2.9,4.1,4.5,5,..,..,..,..,..,..,6.1,4.8,4.3,3.9,4.4,5.3,6,5.6,6.4,6.5,5.8,6.6,7.4,7,7.2,6.6,6.4,7.2,7.9,7.7,6.1,6.7,6.4,6.2,5.8,5.6,4.4,5.5,6,4.9,6.9,5.9,4.4,4.9,4.5,4.4,4.5,4,3,4.1,4.4,3.9,4.9,3.8,3.2,3.3,3.4,3,3.4,3,2.2
Educational services  [61],,Number,,,,,,,,,,,,,,,,,,,,,,,,,,,,,,,,,,,,,,,,,,,,,,,,,,,,,,,,,,,,,,,,,,,,,,,
,Job vacancies 5,"14,120","13,080","16,255","14,410","14,610","15,805","13,315","16,045","12,860","12,520","13,925","13,275","16,480","14,355","14,350",..,..,..,..,..,..,"17,515","13,225","14,595","15,980","14,200","16,140","16,445","16,655","18,830","18,325","17,210","21,725","20,775","17,390","22,375","24,690","18,145","26,425","22,995","21,430","25,325","23,510","19,675","22,050","23,355","21,135","27,490","23,740","20,265","27,525","24,615","21,230","25,790","23,645","20,855","22,910","23,780","19,355","23,915","23,025","17,210","27,175","22,675","18,410","25,380","21,555","18,505","20,690","20,810","17,140","21,040"
,Payroll employees 6 7,"1,428,400","1,378,895","1,429,115","1,443,125","1,456,650","1,403,575","1,387,425","1,099,895","947,895","1,317,300","1,451,615","1,466,920","1,469,180","1,410,065","1,464,910",..,..,..,..,..,..,"1,242,405","1,375,295","1,394,315","1,405,605","1,333,225","1,383,115","1,415,640","1,417,175","1,341,345","1,349,175","1,088,270","932,635","1,290,130","1,437,570","1,461,725","1,483,455","1,407,815","1,461,950","1,476,840","1,495,310","1,429,140","1,435,955","1,131,190","973,620","1,346,800","1,477,050","1,510,245","1,532,415","1,451,565","1,518,110","1,529,485","1,538,075","1,483,120","1,478,170","1,166,100","995,980","1,402,060","1,530,915","1,491,310","1,552,880","1,470,790","1,542,270","1,561,995","1,580,355","1,528,535","1,521,680","1,198,395","1,040,890","1,445,790","1,558,475","1,583,025"
,,Percent,,,,,,,,,,,,,,,,,,,,,,,,,,,,,,,,,,,,,,,,,,,,,,,,,,,,,,,,,,,,,,,,,,,,,,,
,Job vacancy rate 8,1,0.9,1.1,1,1,1.1,1,1.4,1.3,0.9,1,0.9,1.1,1,1,..,..,..,..,..,..,1.4,1,1,1.1,1.1,1.2,1.1,1.2,1.4,1.3,1.6,2.3,1.6,1.2,1.5,1.6,1.3,1.8,1.5,1.4,1.7,1.6,1.7,2.2,1.7,1.4,1.8,1.5,1.4,1.8,1.6,1.4,1.7,1.6,1.8,2.2,1.7,1.2,1.6,1.5,1.2,1.7,1.4,1.2,1.6,1.4,1.5,1.9,1.4,1.1,1.3
Health care and social assistance  [62],,Number,,,,,,,,,,,,,,,,,,,,,,,,,,,,,,,,,,,,,,,,,,,,,,,,,,,,,,,,,,,,,,,,,,,,,,,
,Job vacancies 5,"58,330","61,330","69,625","67,135","76,245","67,495","64,750","66,785","72,165","62,470","70,605","62,085","71,495","74,955","72,945",..,..,..,..,..,..,"95,525","111,270","100,475","88,710","117,285","97,545","103,735","120,265","107,000","101,745","127,895","127,150","120,630","121,325","134,135","133,995","121,460","147,175","126,565","141,020","147,285","150,165","142,480","157,210","150,165","133,340","147,415","149,580","133,535","146,920","151,145","129,970","146,850","145,910","133,360","139,035","145,895","124,810","125,795","151,810","121,490","121,655","141,475","124,500","121,980","129,985","111,915","116,620","129,050","113,275","102,285"
,Payroll employees 6 7,"2,050,370","2,035,680","2,038,515","2,043,865","2,039,180","2,061,460","2,079,745","2,092,640","2,093,210","2,091,385","2,087,715","2,098,175","2,110,690","2,098,000","2,094,085",..,..,..,..,..,..,"2,058,695","2,063,915","2,087,735","2,105,670","2,088,660","2,100,060","2,111,655","2,138,935","2,145,555","2,167,855","2,186,795","2,188,045","2,176,375","2,169,745","2,185,970","2,200,115","2,179,275","2,209,360","2,202,825","2,205,355","2,223,315","2,233,675","2,232,480","2,247,525","2,236,650","2,224,900","2,256,670","2,259,435","2,240,015","2,255,030","2,251,905","2,250,150","2,289,530","2,312,035","2,310,295","2,329,040","2,328,645","2,323,975","2,340,285","2,356,370","2,330,210","2,339,850","2,351,985","2,350,700","2,387,010","2,391,025","2,403,835","2,421,495","2,411,670","2,405,165","2,429,980"
,,Percent,,,,,,,,,,,,,,,,,,,,,,,,,,,,,,,,,,,,,,,,,,,,,,,,,,,,,,,,,,,,,,,,,,,,,,,
,Job vacancy rate 8,2.8,2.9,3.3,3.2,3.6,3.2,3,3.1,3.3,2.9,3.3,2.9,3.3,3.4,3.4,..,..,..,..,..,..,4.4,5.1,4.6,4,5.3,4.4,4.7,5.3,4.8,4.5,5.5,5.5,5.3,5.3,5.8,5.7,5.3,6.2,5.4,6,6.2,6.3,6,6.5,6.3,5.7,6.1,6.2,5.6,6.1,6.3,5.5,6,5.9,5.5,5.6,5.9,5.1,5.1,6.1,5,4.9,5.7,5,4.9,5.2,4.4,4.6,5.1,4.5,4
"Arts, entertainment and recreation  [71]",,Number,,,,,,,,,,,,,,,,,,,,,,,,,,,,,,,,,,,,,,,,,,,,,,,,,,,,,,,,,,,,,,,,,,,,,,,
,Job vacancies 5,"10,515","10,105","11,255","15,625","16,945","9,020","8,385","11,350","9,750","8,850","12,120","8,040","8,670","7,725","14,785",..,..,..,..,..,..,"3,635","8,165","7,695","4,065","4,885","9,565","17,060","13,615","16,900","11,985","17,105","16,470","13,665","20,310","14,455","9,935","14,765","16,515","21,960","21,450","19,710","13,700","18,225","16,950","15,465","15,950","15,775","10,190","12,775","14,395","20,090","20,150","14,065","9,415","13,500","11,190","11,500","11,925","7,750","7,045","10,390","12,965","14,755","10,815","9,190","6,345","9,960","9,630","7,270","8,155","6,265"
,Payroll employees 6 7,"285,420","281,945","283,135","288,195","291,925","318,970","339,860","357,485","348,905","335,970","316,385","293,630","291,880","286,305","287,700",..,..,..,..,..,..,"239,705","227,860","196,305","194,325","161,460","159,105","175,785","189,515","183,160","219,295","268,680","283,310","280,160","266,365","251,145","250,830","227,690","233,140","247,625","260,690","285,275","314,345","334,660","329,915","324,095","298,790","279,720","278,735","272,705","275,540","277,775","286,015","315,750","339,015","360,095","355,315","341,415","319,215","295,515","290,580","282,730","282,905","283,900","295,620","325,630","347,010","369,560","356,595","342,560","326,600","305,005"
,,Percent,,,,,,,,,,,,,,,,,,,,,,,,,,,,,,,,,,,,,,,,,,,,,,,,,,,,,,,,,,,,,,,,,,,,,,,
,Job vacancy rate 8,3.6,3.5,3.8,5.1,5.5,2.8,2.4,3.1,2.7,2.6,3.7,2.7,2.9,2.6,4.9,..,..,..,..,..,..,1.5,3.5,3.8,2,2.9,5.7,8.8,6.7,8.4,5.2,6,5.5,4.7,7.1,5.4,3.8,6.1,6.6,8.1,7.6,6.5,4.2,5.2,4.9,4.6,5.1,5.3,3.5,4.5,5,6.7,6.6,4.3,2.7,3.6,3.1,3.3,3.6,2.6,2.4,3.5,4.4,4.9,3.5,2.7,1.8,2.6,2.6,2.1,2.4,2
Accommodation and food services  [72],,Number,,,,,,,,,,,,,,,,,,,,,,,,,,,,,,,,,,,,,,,,,,,,,,,,,,,,,,,,,,,,,,,,,,,,,,,
,Job vacancies 5,"56,515","54,090","59,665","74,230","82,765","75,825","74,285","78,415","77,600","67,265","64,140","52,965","57,300","60,565","66,815",..,..,..,..,..,..,"52,275","43,370","45,040","33,015","40,275","71,570","64,510","78,365","123,695","137,920","166,000","189,480","155,430","133,600","140,230","96,130","116,595","151,555","152,050","166,065","169,770","149,250","140,995","151,855","127,110","111,680","90,035","92,540","97,305","104,660","113,605","113,470","108,685","99,420","104,325","90,295","81,505","81,365","56,445","54,645","63,540","64,320","77,015","79,275","76,250","63,260","65,680","69,035","58,450","56,710","40,920"
,Payroll employees 6 7,"1,322,805","1,290,015","1,287,955","1,289,700","1,300,105","1,351,085","1,382,215","1,407,835","1,404,575","1,392,565","1,359,825","1,343,910","1,336,585","1,303,240","1,288,915",..,..,..,..,..,..,"1,050,330","1,032,685","957,130","924,830","844,870","856,190","900,375","921,860","891,185","1,012,285","1,122,660","1,167,030","1,191,115","1,179,645","1,162,020","1,165,570","1,063,435","1,080,470","1,141,250","1,191,595","1,237,220","1,302,510","1,329,935","1,316,745","1,328,940","1,294,215","1,270,350","1,274,195","1,240,415","1,237,595","1,250,060","1,269,980","1,305,465","1,362,385","1,376,850","1,354,850","1,356,420","1,328,595","1,286,795","1,281,520","1,255,790","1,234,580","1,251,400","1,265,990","1,304,895","1,343,850","1,365,605","1,355,680","1,342,035","1,307,615","1,290,795"
,,Percent,,,,,,,,,,,,,,,,,,,,,,,,,,,,,,,,,,,,,,,,,,,,,,,,,,,,,,,,,,,,,,,,,,,,,,,
,Job vacancy rate 8,4.1,4,4.4,5.4,6,5.3,5.1,5.3,5.2,4.6,4.5,3.8,4.1,4.4,4.9,..,..,..,..,..,..,4.7,4,4.5,3.4,4.6,7.7,6.7,7.8,12.2,12,12.9,14,11.5,10.2,10.8,7.6,9.9,12.3,11.8,12.2,12.1,10.3,9.6,10.3,8.7,7.9,6.6,6.8,7.3,7.8,8.3,8.2,7.7,6.8,7,6.2,5.7,5.8,4.2,4.1,4.8,5,5.8,5.9,5.5,4.5,4.6,4.8,4.2,4.2,3.1
Other services (except public administration)  [81] 9,,Number,,,,,,,,,,,,,,,,,,,,,,,,,,,,,,,,,,,,,,,,,,,,,,,,,,,,,,,,,,,,,,,,,,,,,,,
,Job vacancies 5,"20,810","20,330","20,990","27,100","26,050","26,070","26,595","27,320","27,165","26,600","21,440","21,590","28,005","21,605","22,535",..,..,..,..,..,..,"20,405","21,245","14,750","17,170","22,205","25,795","28,085","26,855","30,035","31,145","35,270","39,905","42,280","36,375","34,980","34,480","34,455","38,710","43,320","43,280","47,190","42,510","40,445","42,580","36,515","34,040","29,345","35,210","32,950","36,165","37,545","38,210","38,605","34,150","32,695","34,570","31,550","28,290","24,875","29,335","27,310","28,565","31,960","30,340","24,455","22,725","28,070","30,920","22,020","22,400","19,625"
,Payroll employees 6 7,"559,475","544,310","542,730","548,425","548,410","557,555","566,590","569,495","562,480","562,995","560,790","560,580","561,775","544,695","542,610",..,..,..,..,..,..,"489,835","496,030","493,975","496,440","459,150","465,235","479,225","481,015","469,870","481,665","512,860","515,000","523,135","524,435","523,620","531,525","514,000","514,065","523,450","524,380","532,500","547,845","550,590","547,675","552,890","550,345","549,975","557,485","545,875","546,905","551,105","552,375","558,815","574,180","573,210","569,785","573,540","570,925","570,960","575,520","565,625","561,860","566,125","568,785","575,505","583,815","587,560","583,415","579,215","575,110","572,430"
,,Percent,,,,,,,,,,,,,,,,,,,,,,,,,,,,,,,,,,,,,,,,,,,,,,,,,,,,,,,,,,,,,,,,,,,,,,,
,Job vacancy rate 8,3.6,3.6,3.7,4.7,4.5,4.5,4.5,4.6,4.6,4.5,3.7,3.7,4.7,3.8,4,..,..,..,..,..,..,4,4.1,2.9,3.3,4.6,5.3,5.5,5.3,6,6.1,6.4,7.2,7.5,6.5,6.3,6.1,6.3,7,7.6,7.6,8.1,7.2,6.8,7.2,6.2,5.8,5.1,5.9,5.7,6.2,6.4,6.5,6.5,5.6,5.4,5.7,5.2,4.7,4.2,4.9,4.6,4.8,5.3,5.1,4.1,3.7,4.6,5,3.7,3.7,3.3
Public administration  [91] 10,,Number,,,,,,,,,,,,,,,,,,,,,,,,,,,,,,,,,,,,,,,,,,,,,,,,,,,,,,,,,,,,,,,,,,,,,,,
,Job vacancies 5,"6,200","10,110","12,110","10,465","9,825","8,850","6,450","7,645","9,230","7,995","9,355","8,210","8,170","10,915","13,675",..,..,..,..,..,..,"7,415","9,485","5,700","7,820","10,735","12,665","12,790","15,020","12,625","9,965","12,645","13,075","10,415","13,340","11,680","11,300","16,430","18,815","16,135","18,985","15,705","10,990","15,580","14,855","12,615","14,935","11,525","12,430","14,880","17,005","15,635","18,910","15,415","12,450","17,015","13,130","12,815","13,945","10,915","13,515","15,400","14,255","16,010","16,825","13,955","13,330","14,815","12,440","12,740","12,495","9,930"
,Payroll employees 6 7,"507,500","495,515","502,285","501,795","498,500","521,195","540,520","549,870","551,585","524,510","512,475","516,865","520,880","507,700","513,720",..,..,..,..,..,..,"494,480","485,630","482,215","493,825","466,220","467,120","472,940","472,160","490,970","515,590","525,665","531,635","522,185","505,595","515,390","523,125","499,790","510,435","516,170","504,005","530,175","544,940","551,975","549,360","534,545","526,940","533,950","532,230","527,080","532,460","529,235","531,885","552,500","569,040","583,035","582,340","568,910","553,785","551,630","563,060","549,265","557,955","553,925","553,975","563,500","580,765","601,055","605,020","585,340","574,575","573,460"
,,Percent,,,,,,,,,,,,,,,,,,,,,,,,,,,,,,,,,,,,,,,,,,,,,,,,,,,,,,,,,,,,,,,,,,,,,,,
,Job vacancy rate 8,1.2,2,2.4,2,1.9,1.7,1.2,1.4,1.6,1.5,1.8,1.6,1.5,2.1,2.6,..,..,..,..,..,..,1.5,1.9,1.2,1.6,2.3,2.6,2.6,3.1,2.5,1.9,2.3,2.4,2,2.6,2.2,2.1,3.2,3.6,3,3.6,2.9,2,2.7,2.6,2.3,2.8,2.1,2.3,2.7,3.1,2.9,3.4,2.7,2.1,2.8,2.2,2.2,2.5,1.9,2.3,2.7,2.5,2.8,2.9,2.4,2.2,2.4,2,2.1,2.1,1.7
,"Geography","Canada",,,,
"North American Industry Classification System (NAICS) 4","Statistics","July 2025","August 2025","September 2025","October 2025","November 2025"
"Total, all industries 4",,"Number",,,,
,"Job vacancies 5","506,080","502,555","516,050","484,535","465,750"
,"Payroll employees 6 7","17,677,885","17,452,570","17,218,455","17,534,130","17,610,460"
,,"Percent",,,,
,"Job vacancy rate 8","2.8","2.8","2.9","2.7","2.6"
"Agriculture, forestry, fishing and hunting  [11]",,"Number",,,,
,"Job vacancies 5","7,045","7,010","9,310","8,220","6,090"
,"Payroll employees 6 7","269,830","278,060","276,770","273,265","265,765"
,,"Percent",,,,
,"Job vacancy rate 8","2.5","2.5","3.3","2.9","2.2"
"Mining, quarrying, and oil and gas extraction  [21]",,"Number",,,,
,"Job vacancies 5","4,110","4,075","3,175","5,505","4,645"
,"Payroll employees 6 7","221,235","214,495","226,035","221,560","213,160"
,,"Percent",,,,
,"Job vacancy rate 8","1.8","1.9","1.4","2.4","2.1"
"Utilities  [22]",,"Number",,,,
,"Job vacancies 5","1,800","F","1,810","1,820","1,655"
,"Payroll employees 6 7","136,875","135,535","137,505","138,365","136,885"
,,"Percent",,,,
,"Job vacancy rate 8","1.3","F","1.3","1.3","1.2"
"Construction  [23]",,"Number",,,,
,"Job vacancies 5","39,475","41,180","44,815","38,255","30,885"
,"Payroll employees 6 7","1,233,745","1,228,775","1,236,120","1,246,015","1,238,730"
,,"Percent",,,,
,"Job vacancy rate 8","3.1","3.2","3.5","3.0","2.4"
"Manufacturing  [31-33]",,"Number",,,,
,"Job vacancies 5","33,610","36,035","36,620","35,480","31,755"
,"Payroll employees 6 7","1,560,455","1,570,965","1,550,640","1,536,360","1,542,905"
,,"Percent",,,,
,"Job vacancy rate 8","2.1","2.2","2.3","2.3","2.0"
"Wholesale trade  [41]",,"Number",,,,
,"Job vacancies 5","18,780","23,345","21,215","17,320","21,535"
,"Payroll employees 6 7","824,875","825,240","822,000","815,685","813,500"
,,"Percent",,,,
,"Job vacancy rate 8","2.2","2.8","2.5","2.1","2.6"
"Retail trade  [44-45]",,"Number",,,,
,"Job vacancies 5","57,295","51,715","53,875","52,375","50,830"
,"Payroll employees 6 7","1,996,700","2,004,190","1,976,015","1,981,000","1,996,135"
,,"Percent",,,,
,"Job vacancy rate 8","2.8","2.5","2.7","2.6","2.5"
"Transportation and warehousing  [48-49]",,"Number",,,,
,"Job vacancies 5","29,300","23,640","20,950","24,720","29,595"
,"Payroll employees 6 7","866,765","853,650","847,545","861,825","870,625"
,,"Percent",,,,
,"Job vacancy rate 8","3.3","2.7","2.4","2.8","3.3"
"Information and cultural industries  [51]",,"Number",,,,
,"Job vacancies 5","8,570","6,640","7,780","6,665","5,255"
,"Payroll employees 6 7","351,620","353,625","349,790","348,755","354,635"
,,"Percent",,,,
,"Job vacancy rate 8","2.4","1.8","2.2","1.9","1.5"
"Finance and insurance  [52]",,"Number",,,,
,"Job vacancies 5","16,665","19,640","17,235","14,580","22,810"
,"Payroll employees 6 7","854,545","860,030","858,645","862,030","863,745"
,,"Percent",,,,
,"Job vacancy rate 8","1.9","2.2","2.0","1.7","2.6"
"Real estate and rental and leasing  [53]",,"Number",,,,
,"Job vacancies 5","8,015","6,510","8,835","6,375","5,750"
,"Payroll employees 6 7","299,105","301,530","300,895","295,785","294,410"
,,"Percent",,,,
,"Job vacancy rate 8","2.6","2.1","2.9","2.1","1.9"
"Professional, scientific and technical services  [54]",,"Number",,,,
,"Job vacancies 5","35,730","36,180","35,970","38,360","37,120"
,"Payroll employees 6 7","1,242,140","1,244,795","1,235,305","1,221,805","1,225,835"
,,"Percent",,,,
,"Job vacancy rate 8","2.8","2.8","2.8","3.0","2.9"
"Management of companies and enterprises  [55]",,"Number",,,,
,"Job vacancies 5","1,720","1,840","2,185","2,245","1,550"
,"Payroll employees 6 7","118,835","119,700","118,665","117,640","117,650"
,,"Percent",,,,
,"Job vacancy rate 8","1.4","1.5","1.8","1.9","1.3"
"Administrative and support, waste management and remediation services  [56]",,"Number",,,,
,"Job vacancies 5","26,880","25,690","25,275","22,650","21,135"
,"Payroll employees 6 7","839,430","837,445","837,820","845,325","825,990"
,,"Percent",,,,
,"Job vacancy rate 8","3.1","3.0","2.9","2.6","2.5"
"Educational services  [61]",,"Number",,,,
,"Job vacancies 5","19,010","13,700","15,975","16,415","14,030"
,"Payroll employees 6 7","1,519,465","1,209,280","1,048,150","1,425,845","1,548,480"
,,"Percent",,,,
,"Job vacancy rate 8","1.2","1.1","1.5","1.1","0.9"
"Health care and social assistance  [62]",,"Number",,,,
,"Job vacancies 5","97,105","97,980","100,030","102,715","92,940"
,"Payroll employees 6 7","2,457,530","2,474,285","2,482,015","2,471,980","2,482,425"
,,"Percent",,,,
,"Job vacancy rate 8","3.8","3.8","3.9","4.0","3.6"
"Arts, entertainment and recreation  [71]",,"Number",,,,
,"Job vacancies 5","5,175","8,850","8,280","6,390","7,580"
,"Payroll employees 6 7","358,200","378,425","367,385","354,925","335,870"
,,"Percent",,,,
,"Job vacancy rate 8","1.4","2.3","2.2","1.8","2.2"
"Accommodation and food services  [72]",,"Number",,,,
,"Job vacancies 5","58,790","60,250","65,400","49,605","48,415"
,"Payroll employees 6 7","1,336,295","1,363,635","1,350,625","1,337,660","1,315,920"
,,"Percent",,,,
,"Job vacancy rate 8","4.2","4.2","4.6","3.6","3.5"
"Other services (except public administration)  [81] 9",,"Number",,,,
,"Job vacancies 5","26,195","23,605","26,140","23,625","19,660"
,"Payroll employees 6 7","583,325","584,300","580,010","580,235","577,755"
,,"Percent",,,,
,"Job vacancy rate 8","4.3","3.9","4.3","3.9","3.3"
"Public administration  [91] 10",,"Number",,,,
,"Job vacancies 5","10,805","13,285","11,165","11,210","12,515"
,"Payroll employees 6 7","606,915","614,610","616,530","598,075","590,040"
,,"Percent",,,,
,"Job vacancy rate 8","1.7","2.1","1.8","1.8","2.1"
>>>>>>> e0e6dc75488c19b30ce8d4b3f5bf1dda799d4903


